n110	A
n111	A
n112	A
n113	A
n114	A
n115	A
n116	A
n117	A
n118	A
n119	A
n120	A
n121	A
n122	A
n123	A
n124	A
n125	A
n126	A
n127	A
n128	A
n129	A
n130	A
n131	A
n132	A
n133	A
e001	A
e002	A
e003	A
e004	A
e005	A
e006	A
e007	A
e008	A
e009	A
e010	A
e011	A
e012	A
e013	A
e014	A
e015	A
e016	A
e017	A
e018	A
e019	A
e020	A
e021	A
e022	A
e023	A
e024	A
e025	A
e026	A
e027	A
e028	A
e029	A
e030	A
e031	A
e032	A
e033	A
e034	A
e035	A
e036	A
e037	A
e038	A
e039	A
e040	A
e041	A
e042	A
e043	A
e044	A
e045	A
e046	A
e047	A
e048	A
e049	A
e050	A
e051	A
e052	A
e053	A
e054	A
e055	A
e056	A
e057	A
e058	A
e059	A
e060	A
e061	A
e062	A
e063	A
e064	A
e065	A
e066	A
e067	A
e068	A
e069	A
e070	A
e071	A
e072	A
e073	A
e074	A
e075	A
e076	A
e077	A
e078	A
e079	A
e080	A
e081	A
e082	A
e083	A
e084	A
e085	A
e086	A
e087	A
e088	A
e089	A
e090	A
e091	A
e092	A
e093	A
e094	A
e095	A
e096	A
e097	A
e098	A
e099	A
e100	A
e101	A
e102	A
e103	A
e104	A
e105	A
e106	A
e107	A
e108	A
e109	A
e110	A
e111	A
e112	A
e113	A
e114	A
e115	A
e116	A
e117	A
e118	A
e119	A
e120	A
e121	A
e122	A
e123	A
e124	A
e125	A
e126	A
e127	A
e128	A
e129	A
e130	A
e131	A
e132	A
e133	A
e134	A
e135	A
e136	A
e137	A
e138	A
e139	A
e140	A
e141	A
e142	A
e143	A
e144	A
e145	A
e146	A
e147	A
e148	A
e149	A
e150	A
e151	A
e152	A
e153	A
e154	A
e155	A
e156	A
e157	A
e158	A
e159	A
e160	A
e161	A
e162	A
e163	A
e164	A
e165	A
e166	A
e167	A
e168	A
e169	A
e170	A
e171	A
e172	A
e173	A
e174	A
e175	A
e176	A
e177	A
e178	A
e179	A
e180	A
e181	A
e182	A
e183	A
e184	A
e185	A
e186	A
e187	A
