n001	A	refdense
n002	A	refdense
n003	A	refdense
n004	A	refdense
n006	A	refdense
n011	A	refdense
n012	A	refdense
n013	A	refdense
n014	A	refdense
n015	A	refdense
n016	A	refdense
n017	A	refdense
n018	A	refdense
n019	A	refdense
n020	A	refdense
n021	A	refdense
n026	A	refdense
n029	A	refdense
n030	A	refdense
n039	A	refdense
n040	A	refdense
n041	A	refdense
n042	A	refdense
n043	A	refdense
n046	A	refdense
n049	A	refdense
n052	A	refdense
n053	A	refdense
n054	A	refdense
n055	A	refdense
n056	A	refdense
n057	A	refdense
n058	A	refdense
n059	A	refdense
n061	A	refdense
n063	A	refdense
n067	A	refdense
n070	A	refdense
n071	A	refdense
n072	A	refdense
n073	A	refdense
n074	A	refdense
n075	A	refdense
n076	A	refdense
n078	A	refdense
n079	A	refdense
n080	A	refdense
n082	A	refdense
n083	A	refdense
n084	A	refdense
n087	A	refdense
n088	A	refdense
n089	A	refdense
n090	A	refdense
n093	A	refdense
n094	A	refdense
n095	A	refdense
n096	A	refdense
n097	A	refdense
n098	A	refdense
n099	A	refdense
n100	A	refdense
n101	A	refdense
n102	A	refdense
n103	A	refdense
n104	A	refdense
n105	A	refdense
n108	A	refdense
n109	A	refdense
